{"validation": {"mae_angle": 21.67346938775511, "mae_location": 6.61449846923573, "rmse_angle": 49.29585816935397, "rmse_location": 7.2817297905172875, "recall": 0.8305084745762712, "precision": 0.8596491228070176, "f1": 0.8448275862068966}, "_runtime": 14, "_timestamp": 1615387885, "_step": 99, "training": {"mae_angle": 25.25423728813559, "mae_location": 6.232291215562933, "rmse_angle": 56.79564915301051, "rmse_location": 7.15287359440864, "recall": 0.7468354430379747, "precision": 0.8309859154929577, "f1": 0.7866666666666666}, "training_loss": 0.21333333333333337, "validation_loss": 0.12962962962962976}