{"validation": {"mae_angle": 3.899999999999999, "mae_location": 5.702332898272886, "rmse_angle": 4.73286382647969, "rmse_location": 6.154954149385679, "recall": 0.3389830508474576, "precision": 1.0, "f1": 0.5063291139240507}, "_runtime": 14, "_timestamp": 1615387393, "_step": 87, "training": {"mae_angle": 35.691780821917796, "mae_location": 8.920291857522464, "rmse_angle": 71.46897976390281, "rmse_location": 10.454353878971052, "recall": 0.9240506329113924, "precision": 0.03256747713584653, "f1": 0.06291747468218056}, "training_loss": 0.9370825253178194, "validation_loss": 0.9235255994815295}