{"validation": {"mae_angle": 9.179487179487182, "mae_location": 6.502320423520273, "rmse_angle": 28.774098038838986, "rmse_location": 7.092211320505562, "recall": 0.6610169491525424, "precision": 1.0, "f1": 0.7959183673469388}, "_runtime": 6, "_timestamp": 1615387941, "_step": 36, "training": {"mae_angle": 24.79166666666666, "mae_location": 5.59506518102535, "rmse_angle": 58.85451696060945, "rmse_location": 6.627675150469337, "recall": 0.6075949367088608, "precision": 0.7272727272727273, "f1": 0.6620689655172415}, "training_loss": 0.3379310344827585, "validation_loss": 0.20754716981132082}