{"validation": {"mae_angle": 13.6304347826087, "mae_location": 6.834357472231167, "rmse_angle": 37.57919174455344, "rmse_location": 7.424563578757337, "recall": 0.7796610169491526, "precision": 0.8679245283018868, "f1": 0.8214285714285715}, "_runtime": 17, "_timestamp": 1615387645, "_step": 111, "training": {"mae_angle": 26.92045454545454, "mae_location": 5.559823822629823, "rmse_angle": 61.75805063456762, "rmse_location": 6.443987202932492, "recall": 0.5569620253164557, "precision": 0.9263157894736842, "f1": 0.6956521739130433}, "training_loss": 0.30434782608695665, "validation_loss": 0.2421052631578947}