{"validation": {"mae_angle": 31.220338983050844, "mae_location": 9.367395688625912, "rmse_angle": 63.573792703000414, "rmse_location": 10.406058397895842, "recall": 1.0, "precision": 0.05689488910318226, "f1": 0.10766423357664234}, "_runtime": 122, "_timestamp": 1615387328, "_step": 975, "training": {"mae_angle": 19.230769230769226, "mae_location": 5.873715555084105, "rmse_angle": 49.31130089142239, "rmse_location": 6.908554162722628, "recall": 0.5759493670886076, "precision": 0.8504672897196262, "f1": 0.6867924528301886}, "training_loss": 0.31320754716981136, "validation_loss": 0.23711340206185572}